ID,Bug_Line,Explanation
16,1.0,"This issue is likely a false positive due to the comment at the end of the line, which contains a sentence that starts with 'used for'. This could be causing the static analysis tool to incorrectly flag the line as an incomplete method chain."
32,,Request timed out — llama3 too slow on CPU
25,5.0,"This tool's warning is a false positive. The method chain does not seem to be incomplete, as `write()` seems to be the last method called on the protocol object. It appears that this code intends to write some data on a specified address at runtime."
10,3.0,The API function name is incorrect; it should be 'rdi_get_humidity' instead of 'rdi_get_temperature'.
26,3.0,"The bug is a false positive because 'dc' is actually an unknown RDI method prefix, which means it might not be used in the known API prefix list. However, since this function exists in the real API documentation, it's likely that this method is being used correctly. It's just not recognized by the static analysis tool."
23,3.0,"Incorrect API call to RDI - smartVec() function expects an integer parameter, but a pointer is passed."
4,3.0,Incorrect RDI API method call: Using 'rdi_set_value' instead of 'rdi_set_iclamp_low'.
31,2.0,"The static analysis tool flagged this code as suspicious because it's trying to call an unknown RDI method 'func'. This could be a real bug if the API prefix list is not properly updated or there's a typo in the code. This can lead to unexpected behavior, errors or even crashes at runtime."
17,3.0,RDI API misuse: incorrect method name 'getFFV' is used for getting first filed vector.
27,5.0,"This code snippet is likely a bug because the static analysis tool has correctly identified an unknown RDI method 'dc'. The issue arises from incorrect usage of the RDI API. In this context, it seems that the developer is trying to use the DC measurement range but incorrectly instantiates it. This might cause unexpected behavior or even crashes in the application."
24,6.0,"This flagging is a false positive as the code does not contain any null pointer check, but it's actually a bug due to pin name typo, where 'D0' and 'DO' are different. The issue is that capturing data on one pin and trying to read from another with same name can cause unexpected behavior."
14,3.0,"Incorrect RDI API method used. getAlarmValue() should be called with a string parameter for the pin name, not an integer."
9,7.0,'System-reserved waiting in cogo' is not a valid RDI API method. Check the documentation for correct usage.
13,2.0,"The RDI API method 'upload()' requires a valid RdiHandle as its first parameter. In this case, it seems like an invalid or uninitialized handle is being passed."
22,3.0,Incorrect API method name. It should be 'rdi_getTempThreshold' instead of 'reading the temperature alarm threshold'
29,6.0,"This issue is a real bug and a false positive detection by the static analysis tool. The method 'route' in the RDI API is not recognized by the static analyzer, which is causing the warning. However, this method might be valid if it belongs to a custom or unknown extension of the RDI API."
2,3.0,"Incorrect usage of RDI API method 'rdi_set_voltage_limit'. The correct method to set the voltage limit is 'rdi_set_voltage_range' with parameters (35.0, 36.0)."
20,1.0,"The static analysis tool has correctly flagged this as a suspicious method call, since 'digCapBurstSiteUpload' is not in the known API prefix list. This could be a real bug if the RDI API does not support this method or it's been deprecated. Using an unsupported method can lead to runtime errors, crashes or unexpected behavior."
11,2.0,The RDI API method name 'Specifies' is incorrect. It should be a valid RDI API method or function.
3,2.0,The code snippet suggests that vForce is set to an invalid value (31V) which exceeds the selected range.
